{"loss":{"0":0.7097854125,"1":0.6661592478,"2":0.6672579341,"3":0.5707168944,"4":0.5492588128,"5":0.5154534824,"6":0.5193860749,"7":0.5578142132,"8":0.5358055043},"accuracy":{"0":0.5393548387,"1":0.5586451613,"2":0.5129032258,"3":0.7315483871,"4":0.7236129032,"5":0.7572258065,"6":0.7551612903,"7":0.7273548387,"8":0.755483871},"sensitivity":{"0":0.4778810409,"1":0.7105947955,"2":0.8098513011,"3":0.6394052045,"4":0.7697026022,"5":0.7496282528,"6":0.7388475836,"7":0.7124535316,"8":0.6962825279},"specificity":{"0":0.5720355731,"1":0.4778656126,"2":0.3550395257,"3":0.7805335968,"4":0.6991106719,"5":0.7612648221,"6":0.7638339921,"7":0.7352766798,"8":0.7869565217},"f1-score":{"0":0.4186673675,"1":0.527774854,"2":0.5357810212,"3":0.6231257444,"4":0.6591013731,"5":0.6819002826,"6":0.6768897535,"7":0.6446404097,"8":0.6640545253},"Learning Rate":{"0":0.0000001,"1":0.0000005,"2":0.000001,"3":0.000005,"4":0.00001,"5":0.00005,"6":0.0001,"7":0.0005,"8":0.001}}