{"loss":{"0":0.6074744275,"1":0.6117518941,"2":0.6204608571,"3":0.613296993,"4":0.6017317029,"5":0.6245200786,"6":0.6083095843},"accuracy":{"0":0.7311612903,"1":0.6175483871,"2":0.5942580645,"3":0.6235483871,"4":0.7204516129,"5":0.5956774194,"6":0.7289032258},"sensitivity":{"0":0.5033457249,"1":0.8005576208,"2":0.8351301115,"3":0.7979553903,"4":0.5473977695,"5":0.8157992565,"6":0.5230483271},"specificity":{"0":0.8522727273,"1":0.520256917,"2":0.4662055336,"3":0.5308300395,"4":0.8124505929,"5":0.4786561265,"6":0.8383399209},"f1-score":{"0":0.56516731,"1":0.5923509636,"2":0.588285645,"3":0.5953892888,"4":0.5761484671,"5":0.5834461036,"6":0.5725284444},"Weight Decay":{"0":0.0001,"1":0.0005,"2":0.001,"3":0.005,"4":0.01,"5":0.05,"6":0.1}}