{"loss":{"0":0.1847913825,"1":0.2345321176,"2":0.226296119,"3":0.2295274803,"4":0.2577108593,"5":0.271774694,"6":0.3136529683,"7":0.2693470675,"8":0.2941299178},"accuracy":{"0":0.845139954,"1":0.8753355061,"2":0.9148293712,"3":0.9297354294,"4":0.9227377301,"5":0.9189513037,"6":0.9113305215,"7":0.9314129601,"8":0.9201974693},"sensitivity":{"0":0.7952258065,"1":0.8365806452,"2":0.8963225806,"3":0.9183870968,"4":0.9079354839,"5":0.9149677419,"6":0.9001290323,"7":0.9259354839,"8":0.9158064516},"specificity":{"0":0.9893736018,"1":0.9873228934,"2":0.9683072334,"3":0.9625279642,"4":0.9655108128,"5":0.9304623415,"6":0.9436987323,"7":0.947240865,"8":0.932885906},"f1-score":{"0":0.8841192625,"1":0.9088443958,"2":0.9398880139,"3":0.9510278996,"4":0.9458269917,"5":0.9437358347,"6":0.9378198885,"7":0.9525139248,"8":0.9446016034},"Loss Weight":{"0":0.1,"1":0.2,"2":0.3,"3":0.4,"4":0.5,"5":0.6,"6":0.7,"7":0.8,"8":0.9}}