{"loss":{"0":0.3928022597,"1":0.3006334243,"2":0.2944858263,"3":0.2964275594,"4":0.2961104488,"5":0.2944342114,"6":0.2959686979,"7":0.2964574972},"accuracy":{"0":0.8406825153,"1":0.8847776074,"2":0.8932131902,"3":0.8884202454,"4":0.8897622699,"5":0.8895705521,"6":0.8851610429,"7":0.8901457055},"sensitivity":{"0":0.8389677419,"1":0.8647741935,"2":0.8756129032,"3":0.8689032258,"4":0.871483871,"5":0.8727741935,"6":0.8676129032,"7":0.8727741935},"specificity":{"0":0.8456375839,"1":0.9425801641,"2":0.9440715884,"3":0.9448173005,"4":0.9425801641,"5":0.9381058911,"6":0.9358687547,"7":0.9403430276},"f1-score":{"0":0.8866766671,"1":0.9177050527,"2":0.9241454446,"3":0.9204483324,"4":0.9215445491,"5":0.9215258856,"6":0.9182029223,"7":0.921902685}}