{"loss":{"0":0.3491559811,"1":0.3831356586,"2":0.3535146872,"3":0.2843963662,"4":0.3045546373,"5":0.3041141602,"6":0.2975048252},"accuracy":{"0":0.8512749233,"1":0.8420245399,"2":0.8340203221,"3":0.9037097393,"4":0.887413727,"5":0.8802243098,"6":0.8949386503},"sensitivity":{"0":0.8104516129,"1":0.8112258065,"2":0.784516129,"3":0.8915483871,"4":0.8629032258,"5":0.8510967742,"6":0.8807741935},"specificity":{"0":0.9692393736,"1":0.9310216257,"2":0.9770693512,"3":0.9388516033,"4":0.9582401193,"5":0.9643922446,"6":0.9358687547},"f1-score":{"0":0.890067429,"1":0.8841175821,"2":0.8753514445,"3":0.9322358509,"4":0.9192694439,"5":0.9134765049,"6":0.9256836486},"Weight Decay":{"0":0.0001,"1":0.0005,"2":0.001,"3":0.005,"4":0.01,"5":0.05,"6":0.1}}