{"loss":{"0":0.8308045836,"1":0.5560428217,"2":0.4150673834,"3":0.2039399369,"4":0.0918457591,"5":0.07560126,"6":0.0924103348},"accuracy":{"0":0.3440855061,"1":0.7629409509,"2":0.8576974693,"3":0.9396088957,"4":0.968318635,"5":0.9739263804,"6":0.965970092},"sensitivity":{"0":0.1828387097,"1":0.8540645161,"2":0.8501935484,"3":0.9372258065,"4":0.9791612903,"5":0.9818709677,"6":0.9781290323},"specificity":{"0":0.8100298285,"1":0.4996271439,"2":0.8793810589,"3":0.9464951529,"4":0.9369873229,"5":0.9509694258,"6":0.9308351976},"f1-score":{"0":0.2928078559,"1":0.8425945815,"2":0.8987548113,"3":0.9584361783,"4":0.9786883978,"5":0.9824413918,"6":0.977119771},"Learning Rate":{"0":0.00000001,"1":0.0000001,"2":0.000001,"3":0.00001,"4":0.0001,"5":0.001,"6":0.01}}