{"loss":{"0":0.443182132,"1":0.3232963891,"2":0.3323467964,"3":0.3283869682,"4":0.3258352801,"5":0.3243505875,"6":0.3227228367,"7":0.3301821531},"accuracy":{"0":0.7891104294,"1":0.8631134969,"2":0.8623466258,"3":0.8636886503,"4":0.8642638037,"5":0.8656058282,"6":0.8677147239,"7":0.861196319},"sensitivity":{"0":0.7432258065,"1":0.8242580645,"2":0.8255483871,"3":0.8268387097,"4":0.8255483871,"5":0.8263225806,"6":0.8301935484,"7":0.8237419355},"specificity":{"0":0.9217002237,"1":0.9753914989,"2":0.9686800895,"3":0.9701715138,"4":0.976137211,"5":0.9791200597,"6":0.976137211,"7":0.9694258016},"f1-score":{"0":0.8396501458,"1":0.8994649395,"2":0.8991006183,"3":0.9001264223,"4":0.900365888,"5":0.9013370866,"6":0.903144301,"7":0.8981429375}}