{"loss":{"0":0.1880931067,"1":0.244003418,"2":0.2601250181,"3":0.2257236984,"4":0.2199448807},"accuracy":{"0":0.8755751534,"1":0.9062020706,"2":0.924654908,"3":0.9386982362,"4":0.937068635},"sensitivity":{"0":0.8401935484,"1":0.8836129032,"2":0.916516129,"3":0.9427741935,"4":0.9498064516},"specificity":{"0":0.9778150634,"1":0.9714765101,"2":0.9481730052,"3":0.9269202088,"4":0.9002609993},"f1-score":{"0":0.9093575703,"1":0.9333193378,"2":0.9475696286,"3":0.9580704038,"4":0.9573115014},"Loss Weight":{"0":0.1,"1":0.3,"2":0.5,"3":0.7,"4":0.9}}