{"loss":{"0":0.4788645783,"1":0.2138817274,"2":0.1077826981,"3":0.1085620284,"4":0.1224482661},"accuracy":{"0":0.8072469325,"1":0.938803681,"2":0.9633819018,"3":0.9613113497,"4":0.9542944785},"sensitivity":{"0":0.771716129,"1":0.9395096774,"2":0.9731096774,"3":0.9728516129,"4":0.9694451613},"specificity":{"0":0.9099179717,"1":0.9367636092,"2":0.9352721849,"3":0.9279642058,"4":0.9105145414},"f1-score":{"0":0.8555408014,"1":0.9578757759,"2":0.9752419172,"3":0.973933994,"4":0.9692507616},"Learning Rate":{"0":0.000001,"1":0.00001,"2":0.0001,"3":0.001,"4":0.01}}